{
  "all_layers": [
    1,
    2,
    3,
    4,
    5,
    6,
    7,
    8,
    9,
    10,
    11,
    12,
    13,
    14,
    15,
    16,
    17,
    18,
    19,
    20,
    21,
    22,
    23,
    24,
    25,
    26,
    27,
    28,
    29,
    30,
    31
  ],
  "best_layers": {
    "empathetic_responsiveness": {
      "layer": 7,
      "correlation": 0.8344260829617918
    },
    "harmful_advice_propensity": {
      "layer": 16,
      "correlation": 0.7439585215213629
    },
    "crisis_recognition": {
      "layer": 16,
      "correlation": 0.8745081193407536
    },
    "boundary_maintenance": {
      "layer": 20,
      "correlation": 0.8552103182729609
    },
    "sycophancy_harmful_validation": {
      "layer": 7,
      "correlation": 0.8191630833327734
    },
    "non_judgmental_acceptance": {
      "layer": 16,
      "correlation": 0.9522755420417005
    },
    "grounded_calmness": {
      "layer": 6,
      "correlation": 0.8791074593380841
    },
    "emotional_over_involvement": {
      "layer": 4,
      "correlation": 0.8498217611399497
    },
    "inappropriate_self_disclosure": {
      "layer": 5,
      "correlation": 0.7213516736631597
    },
    "abandonment_of_therapeutic_frame": {
      "layer": 11,
      "correlation": 0.9284869380335447
    }
  },
  "layer_correlations": {
    "empathetic_responsiveness": {
      "1": 0.8268179246737911,
      "2": 0.8015511467875137,
      "3": 0.8131116602446888,
      "4": 0.8247354117211134,
      "5": 0.8289194411311548,
      "6": 0.8307288896945848,
      "7": 0.8344260829617918,
      "8": 0.8327733532569349,
      "9": 0.8272723207923611,
      "10": 0.813588727071803,
      "11": 0.8002297527198902,
      "12": 0.7816222616680931,
      "13": 0.7749319212254862,
      "14": 0.7844929433991197,
      "15": 0.7958987947875837,
      "16": 0.7982085004243985,
      "17": 0.8032924585878944,
      "18": 0.805051428319879,
      "19": 0.8073309150684336,
      "20": 0.814702791938665,
      "21": 0.8075442183926533,
      "22": 0.8121590301241441,
      "23": 0.8008564340467739,
      "24": 0.8172599439091538,
      "25": 0.8169726316482578,
      "26": 0.8055777268634827,
      "27": 0.8113947652536734,
      "28": 0.7905161314484156,
      "29": 0.7756556339661822,
      "30": 0.7701553801929462,
      "31": 0.7365263935034524
    },
    "harmful_advice_propensity": {
      "1": 0.5591287929007619,
      "2": 0.5971260601617812,
      "3": 0.5964788625863481,
      "4": 0.6463386274096719,
      "5": 0.654502759867888,
      "6": 0.6616837449648648,
      "7": 0.633165271189186,
      "8": 0.6405825311490413,
      "9": 0.6501996648261666,
      "10": 0.6380995708348906,
      "11": 0.6470785222002137,
      "12": 0.6375999369291218,
      "13": 0.6563129277872505,
      "14": 0.6820227299252908,
      "15": 0.7319142779652098,
      "16": 0.7439585215213629,
      "17": 0.7392930433100752,
      "18": 0.7376229399309749,
      "19": 0.7357579934908494,
      "20": 0.7402495868828265,
      "21": 0.7245808955695943,
      "22": 0.722544318859486,
      "23": 0.7194324070797535,
      "24": 0.7166796739556096,
      "25": 0.7089171537345463,
      "26": 0.7123897867307509,
      "27": 0.708920378068218,
      "28": 0.7124712455599405,
      "29": 0.7079714821396882,
      "30": 0.7192144656925067,
      "31": 0.7120449613828422
    },
    "crisis_recognition": {
      "1": 0.7198273462450014,
      "2": 0.7260046308895429,
      "3": 0.7777176308693552,
      "4": 0.8101447318154249,
      "5": 0.8268177807295595,
      "6": 0.826218960503376,
      "7": 0.8469020963656313,
      "8": 0.8643186108833949,
      "9": 0.8540795389744685,
      "10": 0.8725818843443234,
      "11": 0.8516069291665258,
      "12": 0.8380600804082243,
      "13": 0.8405124416876544,
      "14": 0.8553506128570174,
      "15": 0.8647466192163128,
      "16": 0.8745081193407536,
      "17": 0.8646129999318103,
      "18": 0.8487925792819063,
      "19": 0.8256581729850878,
      "20": 0.8247269475429945,
      "21": 0.8124473548503753,
      "22": 0.8178633268750363,
      "23": 0.8235182021912824,
      "24": 0.8236275866751441,
      "25": 0.8208316681205488,
      "26": 0.8200958412701681,
      "27": 0.8277158671447601,
      "28": 0.8082900218892092,
      "29": 0.7886168313412608,
      "30": 0.7965503626131191,
      "31": 0.7562776538070483
    },
    "boundary_maintenance": {
      "1": 0.8006765058578398,
      "2": 0.7894584006420762,
      "3": 0.8380817597206099,
      "4": 0.8309915273112808,
      "5": 0.8368388611554627,
      "6": 0.8330158287540356,
      "7": 0.8411569197066122,
      "8": 0.8411168198196407,
      "9": 0.8299084509360288,
      "10": 0.8257874700434074,
      "11": 0.8153157516476275,
      "12": 0.8036478902103541,
      "13": 0.7865296716393504,
      "14": 0.8064213236246977,
      "15": 0.801597489624366,
      "16": 0.8106034623623493,
      "17": 0.8097820225655037,
      "18": 0.8170294688276417,
      "19": 0.8376413520534879,
      "20": 0.8552103182729609,
      "21": 0.8441991101633276,
      "22": 0.8491657294399113,
      "23": 0.8425740629630183,
      "24": 0.8519230059958804,
      "25": 0.8420039718335945,
      "26": 0.839659091314163,
      "27": 0.8527762386294733,
      "28": 0.8456834548561792,
      "29": 0.8224351377522354,
      "30": 0.830472085357196,
      "31": 0.7763995261436862
    },
    "sycophancy_harmful_validation": {
      "1": 0.6781635744658999,
      "2": 0.6967485590649852,
      "3": 0.730795351262379,
      "4": 0.7640864808801526,
      "5": 0.775215421455767,
      "6": 0.8019616266493331,
      "7": 0.8191630833327734,
      "8": 0.808558541897949,
      "9": 0.811862801711271,
      "10": 0.8027754768437484,
      "11": 0.8093767154086378,
      "12": 0.7938679927828537,
      "13": 0.7798127083536808,
      "14": 0.7922197484491468,
      "15": 0.8102711337537072,
      "16": 0.8110863931213538,
      "17": 0.8009563161671217,
      "18": 0.80634520551689,
      "19": 0.8046235953706825,
      "20": 0.8043975285404933,
      "21": 0.8000800015862081,
      "22": 0.7972849125904967,
      "23": 0.7931106942101649,
      "24": 0.794920931303533,
      "25": 0.7901226328531696,
      "26": 0.7857723203228226,
      "27": 0.7911497116524715,
      "28": 0.7852661161374405,
      "29": 0.7776871984035874,
      "30": 0.7707449096838836,
      "31": 0.7768528297797119
    },
    "non_judgmental_acceptance": {
      "1": 0.8511276475530544,
      "2": 0.838169832285108,
      "3": 0.8500588288913671,
      "4": 0.8753857558027558,
      "5": 0.8942575363311526,
      "6": 0.9097676571643674,
      "7": 0.9154990627853512,
      "8": 0.9219454075401282,
      "9": 0.925450083880138,
      "10": 0.9271374056335283,
      "11": 0.9309458198082274,
      "12": 0.9245876380521683,
      "13": 0.9298797618975265,
      "14": 0.9328189681447286,
      "15": 0.9447573052451462,
      "16": 0.9522755420417005,
      "17": 0.9422531621018385,
      "18": 0.9392607870113133,
      "19": 0.9370139983805884,
      "20": 0.94412157921457,
      "21": 0.9410899668788248,
      "22": 0.9411329620576518,
      "23": 0.9385477202927877,
      "24": 0.9416579093332168,
      "25": 0.9431841241563921,
      "26": 0.9455164025671783,
      "27": 0.9451975571876329,
      "28": 0.9426544891869632,
      "29": 0.9403094873930712,
      "30": 0.9431138063193693,
      "31": 0.9370339825403787
    },
    "grounded_calmness": {
      "1": 0.8126686810283917,
      "2": 0.8184282774221258,
      "3": 0.8462149457383648,
      "4": 0.8569460730843993,
      "5": 0.8769106108448415,
      "6": 0.8791074593380841,
      "7": 0.8695716077901975,
      "8": 0.8688726429166516,
      "9": 0.8722857129901956,
      "10": 0.8558280636609933,
      "11": 0.8495816091098773,
      "12": 0.8386000302874429,
      "13": 0.8424153036222324,
      "14": 0.8378914730341714,
      "15": 0.8419596196450926,
      "16": 0.8248325005527986,
      "17": 0.8234600649780517,