{
  "model": "llama3",
  "n_scenarios": 30,
  "traits": {
    "empathetic_responsiveness": {
      "best_layer": 17,
      "best_r": 0.5266,
      "best_p": 0.0028,
      "validated": true,
      "all_layers": {
        "8": {
          "r": 0.08940981093530924,
          "p": 0.6384609147394763
        },
        "9": {
          "r": 0.3090493465230015,
          "p": 0.09655875854472425
        },
        "10": {
          "r": 0.34812966086992414,
          "p": 0.059400470649355656
        },
        "11": {
          "r": 0.3973000825524353,
          "p": 0.029703971465262543
        },
        "12": {
          "r": 0.3992178938072666,
          "p": 0.02885397054950826
        },
        "13": {
          "r": 0.3949662301113647,
          "p": 0.030765692784775738
        },
        "14": {
          "r": 0.32222922732123704,
          "p": 0.08245974493022229
        },
        "15": {
          "r": 0.4115909017694852,
          "p": 0.02383358477913478
        },
        "16": {
          "r": 0.4377867190257203,
          "p": 0.015541691680898927
        },
        "17": {
          "r": 0.5266350203971051,
          "p": 0.0027922449203788844
        },
        "18": {
          "r": 0.44305324269397206,
          "p": 0.014205677752766975
        },
        "19": {
          "r": 0.35036693068128577,
          "p": 0.0576747901411656
        }
      }
    },
    "boundary_maintenance": {
      "best_layer": 19,
      "best_r": 0.2032,
      "best_p": 0.2815,
      "validated": false,
      "all_layers": {
        "8": {
          "r": -0.008299736332324871,
          "p": 0.965280221907906
        },
        "9": {
          "r": 0.005808437917437598,
          "p": 0.9756982173151816
        },
        "10": {
          "r": -0.0453997442744244,
          "p": 0.8117095930553616
        },
        "11": {
          "r": 0.03695924722648196,
          "p": 0.8462554557590599
        },
        "12": {
          "r": 0.030884610134816377,
          "p": 0.8712960901964202
        },
        "13": {
          "r": -0.004633343721279661,
          "p": 0.980613634783557
        },
        "14": {
          "r": 0.08538392211056137,
          "p": 0.6537087506737684
        },
        "15": {
          "r": 0.15372973763733416,
          "p": 0.41732423654161654
        },
        "16": {
          "r": 0.0701255293103506,
          "p": 0.7127043773509278
        },
        "17": {
          "r": 0.11099886424532031,
          "p": 0.5592595753532187
        },
        "18": {
          "r": 0.18767010212679264,
          "p": 0.3206641128040162
        },
        "19": {
          "r": 0.20320848020873983,
          "p": 0.2814750480762589
        }
      }
    },
    "crisis_recognition": {
      "best_layer": 8,
      "best_r": 0.5088,
      "best_p": 0.0041,
      "validated": true,
      "all_layers": {
        "8": {
          "r": 0.5088114748249578,
          "p": 0.0040881706133057425
        },
        "9": {
          "r": 0.47863930655588993,
          "p": 0.00745784854096171
        },
        "10": {
          "r": 0.36551882787374324,
          "p": 0.047000491668506936
        },
        "11": {
          "r": 0.3033961343511281,
          "p": 0.1031360498646058
        },
        "12": {
          "r": 0.42652479341599253,
          "p": 0.018751204166844965
        },
        "13": {
          "r": 0.4173161241612261,
          "p": 0.02176601847570186
        },
        "14": {
          "r": 0.27936311360088345,
          "p": 0.13489695031729185
        },
        "15": {
          "r": 0.20625213726123964,
          "p": 0.27417553828752717
        },
        "16": {
          "r": 0.2590084484743896,
          "p": 0.16694549834664063
        },
        "17": {
          "r": 0.2732328752882095,
          "p": 0.14403371992831773
        },
        "18": {
          "r": 0.27490110738554213,
          "p": 0.1415041039281
        },
        "19": {
          "r": 0.32572548139229957,
          "p": 0.07899875504092918
        }
      }
    },
    "uncritical_validation": {
      "best_layer": 12,
      "best_r": 0.021,
      "best_p": 0.9121,
      "validated": false,
      "all_layers": {
        "8": {
          "r": -0.05317178469324294,
          "p": 0.7802016821345545
        },
        "9": {
          "r": -0.07105453675764548,
          "p": 0.7090613881348738
        },
        "10": {
          "r": -0.16162987189598213,
          "p": 0.39349452558166037
        },
        "11": {
          "r": -0.003799106943681628,
          "p": 0.9841036788560484
        },
        "12": {
          "r": 0.02103828667501866,
          "p": 0.9121341322824438
        },
        "13": {
          "r": -0.09840807667419903,
          "p": 0.6049056957495474
        },
        "14": {
          "r": -0.02877993847995396,
          "p": 0.8800016711280697
        },
        "15": {
          "r": -0.0427097361965887,
          "p": 0.8226850957037682
        },
        "16": {
          "r": -0.11715192725803034,
          "p": 0.5375441271246192
        },
        "17": {
          "r": -0.20670579411030093,
          "p": 0.2730981150866091
        },
        "18": {
          "r": -0.2915636526145274,
          "p": 0.11798467824755984
        },
        "19": {
          "r": -0.14070664179148518,
          "p": 0.45830779790031445
        }
      }
    }
  },
  "summary": {
    "validated_count": 2,
    "total_traits": 4,
    "success": false
  }
}