{
  "model": "llama3",
  "model_id": "NousResearch/Meta-Llama-3-8B-Instruct",
  "n_scenarios": 500,
  "layers_tested": [
    8,
    9,
    10,
    11,
    12,
    13,
    14,
    15,
    16,
    17,
    18,
    19
  ],
  "timestamp": "2026-02-06T18:28:52.718554",
  "traits": {
    "empathetic_responsiveness": {
      "best_layer": 17,
      "best_r": 0.4369,
      "best_p": 0.0,
      "behavioral_std": 1.7634,
      "validated": true,
      "status": "\u2713 VALIDATED",
      "all_layers": {
        "8": {
          "r": 0.04130277892745387,
          "p": 0.35671639735366106,
          "activation_std": 0.1387205347035614
        },
        "9": {
          "r": 0.09016291575404624,
          "p": 0.043887473135836436,
          "activation_std": 0.1916796298078828
        },
        "10": {
          "r": 0.11197252955364378,
          "p": 0.012231349297848932,
          "activation_std": 0.23538935599191935
        },
        "11": {
          "r": 0.22654583629339148,
          "p": 3.0593647915424897e-07,
          "activation_std": 0.30446731314724723
        },
        "12": {
          "r": 0.2217893405367401,
          "p": 5.45799308497384e-07,
          "activation_std": 0.30610724513987436
        },
        "13": {
          "r": 0.18396489242884928,
          "p": 3.493425597980332e-05,
          "activation_std": 0.3151240216569291
        },
        "14": {
          "r": 0.2315671979166569,
          "p": 1.637560458652125e-07,
          "activation_std": 0.4320763217952646
        },
        "15": {
          "r": 0.35501658088949467,
          "p": 2.684278063515491e-16,
          "activation_std": 0.47401537312563635
        },
        "16": {
          "r": 0.3556134756364994,
          "p": 2.3747738788417703e-16,
          "activation_std": 0.5729390021850064
        },
        "17": {
          "r": 0.4369190581399142,
          "p": 1.0043376997046992e-24,
          "activation_std": 0.6609213530834952
        },
        "18": {
          "r": 0.4354868721006598,
          "p": 1.4795894172987595e-24,
          "activation_std": 0.6751414427210536
        },
        "19": {
          "r": 0.4083734063670694,
          "p": 1.6159333061607545e-21,
          "activation_std": 0.8135887751669654
        }
      }
    },
    "non_judgmental_acceptance": {
      "best_layer": 18,
      "best_r": 0.3641,
      "best_p": 0.0,
      "behavioral_std": 1.6941,
      "validated": true,
      "status": "\u2713 VALIDATED",
      "all_layers": {
        "8": {
          "r": 0.015604054049542442,
          "p": 0.7277912562526118,
          "activation_std": 0.07327508360393184
        },
        "9": {
          "r": -0.12035223735031726,
          "p": 0.007055324102954456,
          "activation_std": 0.09678903306334107
        },
        "10": {
          "r": -0.092245581498795,
          "p": 0.03921637407414944,
          "activation_std": 0.11571712645342734
        },
        "11": {
          "r": 0.02902026852067421,
          "p": 0.5173568248266304,
          "activation_std": 0.14070936728133493
        },
        "12": {
          "r": 0.03063998143018441,
          "p": 0.49424261561979477,
          "activation_std": 0.1275535719284924
        },
        "13": {
          "r": -0.0023097204968277486,
          "p": 0.9589129796700637,
          "activation_std": 0.16530826786977876
        },
        "14": {
          "r": 0.05324835587603862,
          "p": 0.23462362157824032,
          "activation_std": 0.23282733992465918
        },
        "15": {
          "r": 0.1158462598508332,
          "p": 0.009523908833504936,
          "activation_std": 0.2535738631245551
        },
        "16": {
          "r": 0.19721250759798523,
          "p": 8.893150071496389e-06,
          "activation_std": 0.28818683192330985
        },
        "17": {
          "r": 0.29743189654272306,
          "p": 1.1341363648614216e-11,
          "activation_std": 0.2892947574640978
        },
        "18": {
          "r": 0.3640712576572675,
          "p": 4.069521896047897e-17,
          "activation_std": 0.3206530782677939
        },
        "19": {
          "r": 0.25568589862029173,
          "p": 6.644183139099798e-09,
          "activation_std": 0.3414574490316821
        }
      }
    },
    "measured_pacing": {
      "best_layer": 15,
      "best_r": 0.2014,
      "best_p": 0.0,
      "behavioral_std": 1.2594,
      "validated": false,
      "status": "\u26a0 WEAK",
      "all_layers": {
        "8": {
          "r": -0.10274726425451682,
          "p": 0.021571315057052738,
          "activation_std": 0.10743615512229804
        },
        "9": {
          "r": -0.027386496928426016,
          "p": 0.5412243569865568,
          "activation_std": 0.11217227304016147
        },
        "10": {
          "r": 0.055390641554042955,
          "p": 0.21630182375515447,
          "activation_std": 0.12200636688722638
        },
        "11": {
          "r": 0.1290978110888117,
          "p": 0.003832869908258831,
          "activation_std": 0.15236123493926643
        },
        "12": {
          "r": 0.04656235526326225,
          "p": 0.298747223393447,
          "activation_std": 0.14295716736313774
        },
        "13": {
          "r": 0.07968125430236,
          "p": 0.0750597941774189,
          "activation_std": 0.16022369087189942
        },
        "14": {
          "r": 0.12649356062421369,
          "p": 0.004614376234970595,
          "activation_std": 0.1905037413708024
        },
        "15": {
          "r": 0.20135834640950004,
          "p": 5.684396709555158e-06,
          "activation_std": 0.2401585476219066
        },
        "16": {
          "r": 0.11887843948549322,
          "p": 0.0077910919648023795,
          "activation_std": 0.2109101984055531
        },
        "17": {
          "r": 0.12724494584906687,
          "p": 0.0043753018725504736,
          "activation_std": 0.21045451685821806
        },
        "18": {
          "r": 0.0528860541286658,
          "p": 0.2378274447820427,
          "activation_std": 0.2348727710786661
        },
        "19": {
          "r": 0.13868373239131523,
          "p": 0.0018814533523580743,
          "activation_std": 0.31624028102748103
        }
      }
    },
    "boundary_maintenance": {
      "best_layer": 18,
      "best_r": 0.2507,
      "best_p": 0.0,
      "behavioral_std": 1.4323,
      "validated": false,
      "status": "\u26a0 WEAK",
      "all_layers": {
        "8": {
          "r": 0.0847263799088013,
          "p": 0.058330882359266936,
          "activation_std": 0.08303386702742546
        },
        "9": {
          "r": 0.12367912702745738,
          "p": 0.005618257751998125,
          "activation_std": 0.09466932518824395
        },
        "10": {
          "r": 0.2297969653801163,
          "p": 2.0445560058593347e-07,
          "activation_std": 0.09564190473057314
        },
        "11": {
          "r": 0.1436244570139201,
          "p": 0.0012809545322011644,
          "activation_std": 0.1334525292462256
        },
        "12": {
          "r": 0.16334749594331954,
          "p": 0.00024437416692245996,
          "activation_std": 0.13757342101033396
        },
        "13": {
          "r": 0.18524576657061692,
          "p": 3.073088065756641e-05,
          "activation_std": 0.17828565266341997
        },
        "14": {
          "r": 0.21530165332646015,
          "p": 1.1777436420762271e-06,
          "activation_std": 0.24155010260604487
        },
        "15": {
          "r": 0.20099300965738046,
          "p": 5.915279488642004e-06,
          "activation_std": 0.27599282141781695
        },
        "16": {
          "r": 0.19954792764210377,
          "p": 6.919274822371231e-06,
          "activation_std": 0.3466954361389067
        },
        "17": {
          "r": 0.14890997455104596,
          "p": 0.000837680476520132,
          "activation_std": 0.3968036639260122
        },