{
  "method": "multi-layer steering",
  "layer_spread": 2,
  "layer_weights": {
    "-2": 0.25,
    "-1": 0.5,
    "0": 1.0,
    "1": 0.5,
    "2": 0.25
  },
  "traits": {
    "emotional_over_involvement": {
      "correlation": 0.12550956763440774,
      "effect_size": 0.00574951171875,
      "best_layer": 4,
      "layers_used": [
        2,
        3,
        4,
        5,
        6
      ]
    },
    "inappropriate_self_disclosure": {
      "correlation": 0.08064390198563831,
      "effect_size": -0.014501953125000001,
      "best_layer": 5,
      "layers_used": [
        3,
        4,
        5,
        6,
        7
      ]
    },
    "grounded_calmness": {
      "correlation": 0.5114153542091064,
      "effect_size": 0.04968261718750001,
      "best_layer": 6,
      "layers_used": [
        4,
        5,
        6,
        7,
        8
      ]
    },
    "empathetic_responsiveness": {
      "correlation": -0.12617957411918929,
      "effect_size": -0.02283782958984375,
      "best_layer": 7,
      "layers_used": [
        5,
        6,
        7,
        8,
        9
      ]
    },
    "sycophancy_harmful_validation": {
      "correlation": 0.30899252776188546,
      "effect_size": 0.1365753173828125,
      "best_layer": 7,
      "layers_used": [
        5,
        6,
        7,
        8,
        9
      ]
    },
    "abandonment_of_therapeutic_frame": {
      "correlation": 0.292295347195521,
      "effect_size": 0.0465087890625,
      "best_layer": 11,
      "layers_used": [
        9,
        10,
        11,
        12,
        13
      ]
    },
    "harmful_advice_propensity": {
      "correlation": 0.2585621231468704,
      "effect_size": 0.3419921875,
      "best_layer": 16,
      "layers_used": [
        14,
        15,
        16,
        17,
        18
      ]
    },
    "crisis_recognition": {
      "correlation": 0.3955331137393635,
      "effect_size": 0.66630859375,
      "best_layer": 16,
      "layers_used": [
        14,
        15,
        16,
        17,
        18
      ]
    },
    "non_judgmental_acceptance": {
      "correlation": 0.021647450362693253,
      "effect_size": -0.20478515625,
      "best_layer": 16,
      "layers_used": [
        14,
        15,
        16,
        17,
        18
      ]
    },
    "boundary_maintenance": {
      "correlation": -0.27687957086966203,
      "effect_size": -0.56058349609375,
      "best_layer": 20,
      "layers_used": [
        18,
        19,
        20,
        21,
        22
      ]
    }
  },
  "comparison_v3": {
    "emotional_over_involvement": {
      "v3": 0.327,
      "v4": 0.12550956763440774
    },
    "inappropriate_self_disclosure": {
      "v3": 0.125,
      "v4": 0.08064390198563831
    },
    "grounded_calmness": {
      "v3": 0.289,
      "v4": 0.5114153542091064
    },
    "empathetic_responsiveness": {
      "v3": 0.218,
      "v4": -0.12617957411918929
    },
    "sycophancy_harmful_validation": {
      "v3": 0.593,
      "v4": 0.30899252776188546
    },
    "abandonment_of_therapeutic_frame": {
      "v3": 0.641,
      "v4": 0.292295347195521
    },
    "harmful_advice_propensity": {
      "v3": 0.178,
      "v4": 0.2585621231468704
    },
    "crisis_recognition": {
      "v3": 0.143,
      "v4": 0.3955331137393635
    },
    "non_judgmental_acceptance": {
      "v3": 0.521,
      "v4": 0.021647450362693253
    },
    "boundary_maintenance": {
      "v3": 0.278,
      "v4": -0.27687957086966203
    }
  },
  "average_improvement": -0.17214597589533653
}